--PERSON
INSERT INTO person (social_security_number,first_name,last_name,role)
VALUES
  ('236746-1633','Michelle','Hyde','student'),
  ('286703-8960','Illiana','Hyde','student'),
  ('627917-4532','Kathleen','Baker','student'),
  ('802682-1121','Joelle','Baker','student'),
  ('148348-5335','Kiara','Duke','student'),
  ('262315-6932','Noah','Duke','student'),
  ('754351-5580','Olympia','Duke','student'),
  ('633516-5336','Zena','Lowery','student'),
  ('585614-6725','Callie','Lowery','student'),
  ('881426-6535','Vivian','Lowery','student'),
  ('597816-4308','Micah','Lowery','student'),
  ('648866-3426','Kuame','Perkins','student'),
  ('951238-5836','Jasper','Fulton','student'),
  ('807403-7324','Timothy','Townsend','student'),
  ('671587-2056','Nyssa','Decker','student'),
  ('415825-7517','Denise','Welch','student'),
  ('636288-9272','Latifah','Valdez','student'),
  ('504362-0681','Kadeem','Robertson','student'),
  ('678848-6546','Prescott','Nolan','student'),
  ('556361-2801','Quail','Cobb','student'),
  ('528831-6215','Boris','Cannon','student'),
  ('282151-7868','Amos','Crane','student'),
  ('368353-9154','Ruby','Thompson','student'),
  ('405562-6155','Irma','Robinson','student'),
  ('421243-6857','Tate','Spence','student'),
  ('576085-7523','Francesca','Romero','student'),
  ('687117-3102','Avram','Grimes','instructor'),  
  ('759020-7634','Eliana','George','instructor'),
  ('177512-1116','Britanney','Mckee','instructor'),
  ('591853-1345','Bernard','Mann','instructor'),
  ('232087-8095','Len','Kemp','instructor'),
  ('513881-2812','Quamar','Alvarado','instructor');

-- STUDENT
INSERT INTO student (family_id, person_id)
VALUES
  (1, 1),
  (1, 2),
  (2, 3),
  (2, 4),
  (3, 5),
  (3, 6),
  (3, 7),
  (4, 8),
  (4, 9),
  (4, 10),
  (4, 11),
  (null, 12),
  (null, 13),
  (null, 14),
  (null, 15),
  (null, 16),
  (null, 17),
  (null, 18),
  (null, 19),
  (null, 20),
  (null, 21),
  (null, 22),
  (null, 23),
  (null, 24),
  (null, 25),
  (null, 26);

--INSTRUCTOR
INSERT INTO instructor (ensemble_abillity, person_id)
VALUES
  ('No', 27),
  ('No', 28),
  ('Yes', 29),
  ('No', 30),
  ('No', 31),
  ('Yes', 32);

--CONTACT PERSON
INSERT INTO contact_person(person_id,relation_to_student,email,phone_number)
VALUES
  (1,'friend','diam.lorem.auctor@yahoo.edu','077-955-37-56'),
  (2,'partner','fermentum@protonmail.ca','072-256-43-51'),
  (3,'friend','vitae.posuere@yahoo.ca','072-232-17-84'),
  (4,'family_other','aliquam@yahoo.ca','073-821-91-31'),
  (5,'parent','massa.rutrum@aol.com','078-535-31-33'),
  (6,'partner','curabitur.egestas@google.ca','075-156-39-35'),
  (7,'parent','sapien@outlook.edu','075-818-63-34'),
  (8,'spouse','magna.cras@google.ca','076-579-13-71'),
  (9,'spouse','penatibus.et@google.net','075-995-19-31'),
  (10,'parent','in@icloud.com','071-266-01-64'),
  (11,'partner','donec.porttitor.tellus@icloud.net','072-618-42-22'),
  (12,'family_other','non@aol.org','079-821-44-54'),
  (13,'parent','luctus.curabitur@outlook.com','072-562-31-37'),
  (14,'parent','ligula.donec@hotmail.couk','078-676-23-25'),
  (15,'parent','curabitur.sed.tortor@icloud.edu','077-650-40-84'),
  (16,'parent','nulla.at@protonmail.org','072-028-42-67'),
  (17,'spouse','dignissim.maecenas.ornare@google.ca','073-434-60-53'),
  (18,'partner','elementum.sem@yahoo.ca','076-350-42-32'),
  (19,'partner','mauris.sapien.cursus@aol.org','078-306-61-23'),
  (20,'parent','vivamus.nibh@yahoo.org','071-564-47-46'),
  (21,'spouse','digornare@google.ca','074-464-60-53'),
  (22,'partner','hejhej.sem@yahoo.ca','076-550-30-32'),
  (23,'partner','rasmus.cursus@aol.org','073-708-61-30'),
  (24,'parent','klara.nibh@yahoo.org','076-444-47-46');

--instrument

INSERT INTO instrument (type_name,price_per_month,brand_name)
VALUES
  ('clarinet',300,'fender_musical_instruments'),
  ('trombone',300,'generic_brand'),
  ('ukulele',200,'generic_brand'),
  ('cello',500,'gibson'),
  ('saxophone',400,'gibson'),
  ('ukulele',400,'gibson'),
  ('trombone',450,'steinway_musical_instruments'),
  ('bass',260,'shure'),
  ('piano',866,'generic_brand'),
  ('cello',963,'fender_musical_instruments'),
  ('clarinet',100,'generic_brand'),
  ('bass',350,'steinway_musical_instruments'),
  ('trombone',1912,'fender_musical_instruments'),
  ('piano',1689,'steinway_musical_instruments'),
  ('cello',400,'shure'),
  ('cello',340,'fender_musical_instruments'),
  ('bass',300,'yamaha'),
  ('ukulele',250,'yamaha'),
  ('clarinet',120,'generic_brand'),
  ('bass',540,'steinway_musical_instruments'),
  ('drums',350,'fender_musical_instruments'),
  ('ukulele',200,'generic_brand'),
  ('saxophone',320,'gibson'),
  ('saxophone',240,'shure'),
  ('trombone',481,'fender_musical_instruments'),
  ('bass',310,'shure'),
  ('bass',300,'yamaha'),
  ('ukulele',1413,'yamaha'),
  ('cello',400,'gibson'),
  ('piano',700,'yamaha'),
  ('bass',500,'yamaha'),
  ('cello',450,'shure'),
  ('clarinet',469,'fender_musical_instruments'),
  ('ukulele',250,'yamaha'),
  ('ukulele',200,'shure'),
  ('trombone',310,'generic_brand'),
  ('ukulele',260,'generic_brand'),
  ('clarinet',500,'fender_musical_instruments'),
  ('piano',1500,'steinway_musical_instruments'),
  ('bass',300,'fender_musical_instruments');

--instrument_lease
INSERT INTO instrument_lease (instrument_id, person_id, lease_start_date, active)
VALUES
  (3,2,'24-06-22','Yes'),
  (6,6,'31-03-22','Yes'),
  (40,20,'20-07-22','Yes'),
  (27,15,'27-04-22','Yes'),
  (11,4,'13-03-22','Yes'),
  (30,4,'18-11-22','Yes'),
  (4,3,'22-04-22','Yes');

--address
INSERT INTO address (person_id, street,city,zip_code)
VALUES
  (1,'Ap #154-2375 Felis, Avenue','Falun','98410'),
  (2,'Ap #709-2228 Arcu. Rd.','Jönköping','24987'),
  (3,'P.O. Box 302, 4781 Et Road','Tranås','79841'),
  (4,'Ap #606-363 Ut St.','Vetlanda','49495'),
  (5,'279-9998 Ipsum. Road','Avesta','39607'),
  (6,'3313 Ut Road','Falun','91413'),
  (7,'Ap #303-7247 Ipsum Avenue','Mora','71453'),
  (8,'P.O. Box 214, 5335 Vitae, St.','Hudiksvall','32894'),
  (9,'111-3038 At Ave','Hofors','96129'),
  (10,'827-1484 Justo. Av.','Finspång','77678'),
  (11,'677-5551 Tortor Av.','Sandviken','65637'),
  (12,'1529 Auctor Av.','Göteborg','47508'),
  (13,'886-5313 Proin Rd.','Värnamo','63681'),
  (14,'512-1951 Ut St.','Nässjö','34418'),
  (15,'P.O. Box 778, 936 Faucibus. Road','Avesta','11464'),
  (16,'448-780 Egestas Street','Vänersborg','62385'),
  (17,'P.O. Box 255, 8578 Ut Road','Avesta','10704'),
  (18,'8567 Taciti St.','Mjölby','78943'),
  (19,'Ap #360-3856 Sagittis. St.','Linköping','85841'),
  (20,'P.O. Box 396, 7852 Mauris Avenue','Avesta','01632'),
  (21,'P.O. Box 137, 853 Velit Rd.','Bollnäs','25653'),
  (22,'Ap #729-7523 Fames Avenue','Mora','91288'),
  (23,'653-3797 Dui. Road','Sandviken','34819'),
  (24,'2684 Mauris, Avenue','Mjölby','40095'),
  (25,'Ap #458-6205 Quisque Rd.','Mora','38076'),
  (26,'P.O. Box 434, 3444 Scelerisque Av.','Hofors','63563'),
  (27,'Ap #436-667 Ipsum. Rd.','Södertälje','67385'),
  (28,'207-6179 A, Av.','Motala','46282'),
  (29,'Ap #760-976 Curabitur Avenue','Hudiksvall','22703'),
  (30,'721-5413 Amet Street','Nässjö','43647'),
  (31,'796-3549 Gravida St.','Hudiksvall','36845'),
  (32,'P.O. Box 697, 9329 Ullamcorper Rd.','Värnamo','18652');


--email
INSERT INTO email (person_id, email)
VALUES
  (1,'non@outlook.couk'),
  (2,'mauris.morbi@yahoo.edu'),
  (3,'tortor@protonmail.net'),
  (4,'quis.accumsan@hotmail.net'),
  (5,'metus.eu@icloud.ca'),
  (6,'aliquet@yahoo.org'),
  (7,'natoque@hotmail.org'),
  (8,'lacinia@yahoo.org'),
  (9,'sed@aol.org'),
  (10,'id.ante@icloud.couk'),
  (11,'aliquam.arcu@yahoo.couk'),
  (12,'diam.lorem@icloud.org'),
  (13,'nulla@yahoo.org'),
  (14,'et.magnis@outlook.net'),
  (15,'senectus.et@hotmail.couk'),
  (16,'semper.egestas@protonmail.net'),
  (17,'nibh@protonmail.couk'),
  (18,'egestas.fusce@hotmail.com'),
  (19,'eget@protonmail.couk'),
  (20,'pede.et@outlook.ca'),
  (21,'nulla.dignissim@outlook.net'),
  (22,'egestas.nunc.sed@google.com'),
  (23,'mauris@protonmail.edu'),
  (24,'ac@icloud.org'),
  (25,'risus@outlook.ca'),
  (26,'quis@google.org'),
  (27,'tempus.scelerisque@aol.net'),
  (28,'venenatis.lacus@outlook.org'),
  (29,'nec@outlook.org'),
  (30,'mauris.id@protonmail.net'),
  (31,'lobortis@hotmail.ca'),
  (32,'vel.pede@outlook.com');
--phone
INSERT INTO phone (person_id,phone_number)
VALUES
  (1,'078-222-98-15'),
  (2,'078-460-59-81'),
  (3,'079-476-46-33'),
  (4,'070-561-49-86'),
  (5,'078-155-16-42'),
  (6,'073-875-31-83'),
  (7,'071-261-53-11'),
  (8,'072-437-96-08'),
  (9,'077-274-55-66'),
  (10,'071-812-22-57'),
  (11,'073-350-08-14'),
  (12,'074-171-78-94'),
  (13,'073-360-72-51'),
  (14,'075-412-13-56'),
  (15,'073-953-64-81'),
  (16,'074-470-73-78'),
  (17,'072-833-03-36'),
  (18,'076-504-75-78'),
  (19,'075-192-06-25'),
  (20,'078-725-23-67'),
  (21,'077-328-79-56'),
  (22,'075-788-23-16'),
  (23,'071-161-26-21'),
  (24,'075-737-46-43'),
  (25,'077-073-15-47'),
  (26,'076-352-92-75'),
  (27,'076-268-55-26'),
  (28,'078-700-60-16'),
  (29,'074-455-35-72'),
  (30,'070-345-82-28'),
  (31,'076-386-96-53'),
  (32,'077-634-99-83');

--skill_level
INSERT INTO skill_level (skill_id,instrument,skill)
VALUES
  (1,'clarinet','intermediate'),
  (2,'harp','beginner'),
  (3,'bass','advanced'),
  (4,'bass','advanced'),
  (5,'cello','intermediate'),
  (6,'clarinet','intermediate'),
  (7,'mandolin','advanced'),
  (8,'harp','advanced'),
  (9,'bass','advanced'),
  (10,'cello','beginner'),
  (11,'ukulele','beginner'),
  (12,'drums','intermediate'),
  (13,'ukulele','beginner'),
  (14,'cello','intermediate'),
  (15,'drums','beginner'),
  (16,'bass','advanced'),
  (17,'harp','advanced'),
  (18,'ukulele','advanced'),
  (19,'mandolin','advanced'),
  (20,'mandolin','intermediate'),
  (21,'piano','beginner'),
  (22,'piano','intermediate'),
  (23,'saxophone','advanced'),
  (24,'flute','intermediate'),
  (25,'ukulele','beginner'),
  (26,'piano','advanced'),
  (27,'piano','beginner'),
  (28,'harp','advanced'),
  (29,'trombone','intermediate'),
  (30,'bass','beginner'),
  (31,'cello','advanced'),
  (32,'mandolin','intermediate');

--person_skill
INSERT INTO person_skill (person_id,skill_id)
VALUES
(27,1),
(27,2),
(27,3),
(27,4),
(27,5),
(27,6),
(27,7),
(27,8),
(28,20),
(28,31),
(28,21),
(28,7),
(28,24),
(28,32),
(28,19),
(28,25),
(29,14),
(30,19);

--room
INSERT INTO room (location)
VALUES
 (100),
 (101),
 (102),
 (103),
 (104),
 (105),
 (106),
 (107),
 (108),
 (109);


--lesson_price
INSERT INTO lesson_price (price_type,price_skill,discount,instructor_pay,type)
VALUES
-- Individual Beginner
  ('300','0','20','250','Individual Beginner Discounted'),  
-- Individual Intermediate  
  ('300','50','20','300','Individual Intermediate Discounted'),
-- Individual Advanced      
  ('300','100','20','350','Individual Advanced Discounted'),  
-- Group Beginner    
  ('300','0','20','200','Group Beginner Discounted'),
-- Group Intermediate        
  ('250','50','20','250','Group Intermediate Discounted'),
-- Group Advanced      
  ('250','100','20','300', 'Group Advanced Discounted'),
-- Ensemble      
  ('250','0','20','200', 'Ensemble Discounted'),
-- Individual Beginner      
  ('300','0',NULL,'250', 'Individual Beginner'),
-- Individual Intermediate      
  ('300','50',NULL,'300', 'Individual Intermediate'),
-- Individual Advanced    
  ('300','100',NULL,'350', 'Individual Advanced'),
-- Group Beginner    
  ('300','0',NULL,'200', 'Group Beginner'),
-- Group Intermediate
  ('250','50',NULL,'250','Group Intermediate'),
-- Group Advanced    
  ('250','100',NULL,'300', 'Group Advanced'),
-- Ensemble
  ('250','0',NULL,'200', 'Ensemble');

--LESSON
INSERT INTO lesson (genre,min_participants,max_participants,lesson_type,confirmed,room_id,time_start,duration_minutes,price_id)
VALUES
('pop','5','15','ensemble','No',8,'2021-02-06 08:00:00','90','7'),
('jazz','4','15','ensemble','No',2,'2021-09-27 08:00:00','90','7'),
('classical','5','10','ensemble','Yes',7,'2021-04-04 08:00:00','90','7'),
('rock','5','15','ensemble','Yes',10,'2021-10-10 08:00:00','90','7'),
('rock','4','10','ensemble','Yes',2,'2020-06-14 08:00:00','90','7'),
('rock','5','10','ensemble','Yes',1,'2022-05-25 08:00:00','90','7'),
('classical','4','15','ensemble','No',2,'2021-09-14 08:00:00','90','7'),
('classical','4','15','ensemble','Yes',1,'2021-02-10 08:00:00','90','7'),
('classical','5','15','ensemble','Yes',7,'2020-10-07 08:00:00','90','7'),
('jazz','4','15','ensemble','No',10,'2020-12-29 08:00:00','90','7'),
('classical','4','10','ensemble','Yes',7,'2021-03-11 08:00:00','90','7'),
('rock','4','10','ensemble','Yes',9,'2021-06-15 08:00:00','90','7'),
('jazz','5','10','ensemble','Yes',1,'2022-01-07 08:00:00','90','7'),
('rock','5','15','ensemble','Yes',5,'2020-08-05 08:00:00','90','7'),
('classical','4','15','ensemble','No',5,'2022-07-17 08:00:00','90','7'),
('classical','5','10','ensemble','No',8,'2020-03-27 08:00:00','90','7'),
('classical','4','10','ensemble','No',2,'2020-03-26 08:00:00','90','7'),
('jazz','4','10','ensemble','No',5,'2020-01-27 08:00:00','90','7'),
('pop','5','10','ensemble','No',10,'2021-10-28 08:00:00','90','7'),
('jazz','5','15','ensemble','No',4,'2020-06-01 08:00:00','90','7'),
('jazz','4','10','ensemble','Yes',5,'2020-07-26 08:00:00','90','7'),
('rock','5','15','ensemble','No',8,'2020-07-01 08:00:00','90','7'),
('jazz','4','10','ensemble','Yes',4,'2020-12-11 08:00:00','90','7'),
('pop','4','10','ensemble','Yes',7,'2022-05-18 08:00:00','90','7'),
('rock','5','10','ensemble','Yes',1,'2022-07-26 08:00:00','90','7'),
('jazz','5','15','ensemble','No',10,'2020-05-16 08:00:00','90','7'),
('rock','5','10','ensemble','No',4,'2021-07-27 08:00:00','90','7'),
('pop','4','10','ensemble','No',3,'2022-05-11 08:00:00','90','7'),
('classical','4','10','ensemble','Yes',5,'2021-06-28 08:00:00','90','7'),
('rock','4','15','ensemble','Yes',7,'2022-08-12 08:00:00','90','7'),
('classical','4','10','ensemble','No',3,'2020-01-29 08:00:00','90','7'),
('jazz','5','10','ensemble','Yes',10,'2021-04-18 08:00:00','90','7'),
('rock','4','10','ensemble','Yes',5,'2021-08-10 08:00:00','90','7'),
('pop','5','10','ensemble','Yes',1,'2021-12-27 08:00:00','90','7'),
('classical','4','15','ensemble','Yes',9,'2022-06-26 08:00:00','90','7'),
('jazz','5','10','ensemble','Yes',2,'2021-11-27 08:00:00','90','7'),
('jazz','5','15','ensemble','No',5,'2021-02-25 08:00:00','90','7'),
('jazz','5','10','ensemble','No',4,'2022-08-17 08:00:00','90','7'),
('pop','5','15','ensemble','Yes',6,'2022-09-21 08:00:00','90','7'),
('classical','5','15','ensemble','Yes',2,'2021-12-10 08:00:00','90','7'),
('pop','5','15','ensemble','No',5,'2020-12-28 08:00:00','90','7'),
('jazz','5','10','ensemble','No',10,'2022-07-26 08:00:00','90','7'),
('pop','4','10','ensemble','Yes',8,'2021-08-18 08:00:00','90','7'),
('pop','5','15','ensemble','No',4,'2021-11-10 08:00:00','90','7'),
('rock','5','15','ensemble','No',4,'2020-08-07 08:00:00','90','7'),
('classical','5','15','ensemble','Yes',1,'2021-01-25 08:00:00','90','7'),
('pop','4','10','ensemble','Yes',7,'2020-12-30 08:00:00','90','7'),
('classical','4','15','ensemble','No',4,'2021-06-27 08:00:00','90','7'),
('classical','5','15','ensemble','Yes',2,'2021-04-11 08:00:00','90','7'),
('rock','4','15','ensemble','Yes',9,'2020-04-01 08:00:00','90','7'),
('rock','5','15','ensemble','No',3,'2021-02-02 15:00:00','90','7'),
('rock','5','15','ensemble','No',4,'2020-04-27 15:00:00','90','7'),
('pop','4','10','ensemble','Yes',2,'2020-05-03 15:00:00','90','7'),
('pop','4','10','ensemble','No',2,'2021-12-11 15:00:00','90','7'),
('jazz','4','10','ensemble','Yes',9,'2021-09-15 15:00:00','90','7'),
('classical','5','10','ensemble','No',7,'2021-09-26 15:00:00','90','7'),
('jazz','4','10','ensemble','No',8,'2021-01-03 15:00:00','90','7'),
('pop','4','15','ensemble','Yes',3,'2020-10-07 15:00:00','90','7'),
('jazz','5','10','ensemble','No',4,'2021-12-08 15:00:00','90','7'),
('jazz','4','15','ensemble','Yes',4,'2022-09-28 15:00:00','90','7'),
('rock','4','15','ensemble','Yes',5,'2022-08-01 15:00:00','90','7'),
('classical','4','10','ensemble','No',9,'2021-03-16 15:00:00','90','7'),
('rock','4','10','ensemble','Yes',7,'2021-12-31 15:00:00','90','7'),
('classical','4','15','ensemble','No',4,'2021-04-24 15:00:00','90','7'),
('jazz','5','10','ensemble','No',4,'2021-03-21 15:00:00','90','7'),
('jazz','4','15','ensemble','Yes',9,'2020-05-20 15:00:00','90','7'),
('pop','5','15','ensemble','Yes',5,'2021-09-12 15:00:00','90','7'),
('rock','5','15','ensemble','No',6,'2022-04-06 15:00:00','90','7'),
('rock','4','15','ensemble','Yes',2,'2020-12-07 15:00:00','90','7'),
('rock','4','10','ensemble','Yes',5,'2022-05-28 15:00:00','90','7'),
('classical','5','10','ensemble','No',4,'2020-07-30 15:00:00','90','7'),
('jazz','5','10','ensemble','Yes',2,'2020-02-28 15:00:00','90','7'),
('rock','5','15','ensemble','Yes',7,'2022-09-17 15:00:00','90','7'),
('jazz','5','10','ensemble','No',5,'2020-09-02 15:00:00','90','7'),
('rock','5','15','ensemble','No',6,'2021-02-27 15:00:00','90','7'),
('classical','5','10','ensemble','No',7,'2021-02-06 15:00:00','90','7'),
('jazz','5','15','ensemble','No',6,'2020-09-15 15:00:00','90','7'),
('pop','5','15','ensemble','Yes',5,'2021-03-11 15:00:00','90','7'),
('classical','4','15','ensemble','Yes',8,'2021-03-21 15:00:00','90','7'),
('rock','4','10','ensemble','Yes',8,'2021-09-29 15:00:00','90','7'),
('rock','4','15','ensemble','No',3,'2020-04-13 15:00:00','90','7'),
('pop','4','10','ensemble','No',5,'2020-09-13 15:00:00','90','7'),
('classical','4','10','ensemble','Yes',3,'2020-09-18 15:00:00','90','7'),
('classical','4','10','ensemble','No',6,'2022-06-17 15:00:00','90','7'),
('pop','5','15','ensemble','Yes',5,'2021-08-04 15:00:00','90','7'),
('classical','5','15','ensemble','Yes',8,'2022-03-25 15:00:00','90','7'),
('jazz','5','10','ensemble','Yes',6,'2021-04-22 15:00:00','90','7'),
('jazz','4','15','ensemble','No',3,'2021-12-04 15:00:00','90','7'),
('classical','4','10','ensemble','Yes',9,'2022-11-13 15:00:00','90','7'),
('rock','5','15','ensemble','Yes',9,'2021-10-19 15:00:00','90','7'),
('classical','4','10','ensemble','No',3,'2020-06-03 15:00:00','90','7'),
('rock','4','10','ensemble','No',4,'2020-08-30 15:00:00','90','7'),
('classical','5','15','ensemble','No',10,'2022-01-02 15:00:00','90','7'),
('rock','4','15','ensemble','Yes',6,'2021-03-04 15:00:00','90','7'),
('jazz','5','10','ensemble','No',3,'2022-06-24 15:00:00','90','7'),
('classical','5','10','ensemble','Yes',9,'2022-04-17 15:00:00','90','7'),
('jazz','4','10','ensemble','Yes',6,'2022-04-04 15:00:00','90','7'),
('classical','5','10','ensemble','Yes',6,'2022-06-25 15:00:00','90','7'),
('pop','4','10','ensemble','Yes',6,'2020-06-03 15:00:00','90','7'),
('rock','5','15','ensemble','Yes',10,'2021-11-29 15:00:00','90','7'),
('rock','5','15','ensemble','Yes',5,'2020-12-05 12:00:00','90','7'),
('pop','5','10','ensemble','Yes',5,'2022-07-25 12:00:00','90','7'),
('classical','5','10','ensemble','No',5,'2020-04-25 12:00:00','90','7'),
('rock','5','10','ensemble','No',5,'2021-10-26 12:00:00','90','7'),
('rock','4','10','ensemble','No',7,'2020-09-20 12:00:00','90','7'),
('classical','4','15','ensemble','Yes',5,'2022-03-08 12:00:00','90','7'),
('rock','4','10','ensemble','Yes',9,'2021-03-28 12:00:00','90','7'),
('classical','5','15','ensemble','Yes',5,'2022-06-09 12:00:00','90','7'),
('pop','5','10','ensemble','Yes',1,'2020-03-30 12:00:00','90','7'),
('rock','4','10','ensemble','No',3,'2022-01-23 12:00:00','90','7'),
('classical','4','15','ensemble','Yes',9,'2020-04-24 12:00:00','90','7'),
('pop','4','10','ensemble','No',4,'2022-01-04 12:00:00','90','7'),
('classical','4','15','ensemble','Yes',1,'2020-06-27 12:00:00','90','7'),
('rock','4','15','ensemble','No',9,'2020-03-10 12:00:00','90','7'),
('pop','5','10','ensemble','No',10,'2022-06-10 12:00:00','90','7'),
('jazz','4','10','ensemble','Yes',8,'2021-12-19 12:00:00','90','7'),
('pop','4','15','ensemble','No',1,'2022-05-17 12:00:00','90','7'),
('rock','5','15','ensemble','Yes',9,'2021-12-15 12:00:00','90','7'),
('pop','4','15','ensemble','No',3,'2021-10-07 12:00:00','90','7'),
('rock','5','15','ensemble','Yes',5,'2021-07-16 12:00:00','90','7'),
('pop','5','15','ensemble','No',1,'2021-11-26 12:00:00','90','7'),
('classical','5','15','ensemble','Yes',4,'2022-05-29 12:00:00','90','7'),
('jazz','4','15','ensemble','No',1,'2021-12-09 12:00:00','90','7'),
('rock','5','10','ensemble','No',7,'2022-07-30 12:00:00','90','7'),
('pop','5','10','ensemble','Yes',4,'2021-10-04 12:00:00','90','7'),
('pop','5','10','ensemble','No',6,'2021-04-23 12:00:00','90','7'),
('pop','5','15','ensemble','Yes',2,'2020-05-04 12:00:00','90','7'),
('jazz','5','10','ensemble','Yes',4,'2022-05-26 12:00:00','90','7'),
('jazz','5','10','ensemble','No',7,'2020-05-28 12:00:00','90','7'),
('classical','5','15','ensemble','No',6,'2021-01-14 12:00:00','90','7'),
('rock','4','15','ensemble','No',5,'2020-06-28 12:00:00','90','7'),
('rock','4','15','ensemble','Yes',5,'2021-07-08 12:00:00','90','7'),
('pop','5','15','ensemble','Yes',6,'2020-06-25 12:00:00','90','7'),
('pop','5','15','ensemble','Yes',6,'2020-05-21 12:00:00','90','7'),
('jazz','4','10','ensemble','Yes',4,'2021-07-13 12:00:00','90','7'),
('classical','5','10','ensemble','Yes',8,'2022-08-16 12:00:00','90','7'),
('pop','4','10','ensemble','No',1,'2022-04-17 12:00:00','90','7'),
('jazz','4','10','ensemble','Yes',6,'2022-03-26 12:00:00','90','7'),
('classical','5','15','ensemble','Yes',8,'2020-09-10 12:00:00','90','7'),
('jazz','5','15','ensemble','No',2,'2022-05-23 12:00:00','90','7'),
('pop','4','10','ensemble','Yes',4,'2021-06-18 12:00:00','90','7'),
('classical','5','10','ensemble','Yes',5,'2020-02-27 12:00:00','90','7'),
('classical','5','15','ensemble','Yes',10,'2021-07-30 12:00:00','90','7'),
('rock','5','10','ensemble','Yes',6,'2021-08-13 12:00:00','90','7'),
('classical','5','10','ensemble','No',2,'2020-02-16 12:00:00','90','7'),
('rock','4','15','ensemble','Yes',9,'2022-09-18 12:00:00','90','7'),
('classical','5','15','ensemble','No',9,'2020-05-02 12:00:00','90','7'),
('pop','4','15','ensemble','Yes',1,'2022-01-12 12:00:00','90','7'),
('pop','4','10','ensemble','Yes',9,'2020-12-25 12:00:00','90','7'),
('pop','4','15','ensemble','Yes',7,'2020-06-27 12:00:00','90','7'),
('null',1,1,'individual','Yes',1,'2021-09-28 08:00:00','90','3'),
('null',1,1,'individual','Yes',9,'2022-09-17 08:00:00','90','1'),
('null',1,1,'individual','Yes',9,'2022-11-10 08:00:00','90','3'),
('null',1,1,'individual','Yes',9,'2022-07-13 08:00:00','90','1'),
('null',1,1,'individual','Yes',7,'2021-06-19 08:00:00','90','3'),
('null',1,1,'individual','Yes',3,'2020-04-24 08:00:00','90','3'),
('null',1,1,'individual','Yes',10,'2021-01-14 08:00:00','90','1'),
('null',1,1,'individual','Yes',1,'2021-03-16 08:00:00','90','1'),
('null',1,1,'individual','Yes',10,'2020-04-20 08:00:00','90','2'),
('null',1,1,'individual','Yes',6,'2022-11-24 08:00:00','90','1'),
('null',1,1,'individual','Yes',6,'2022-11-12 08:00:00','90','3'),
('null',1,1,'individual','Yes',6,'2020-11-10 08:00:00','90','3'),
('null',1,1,'individual','Yes',10,'2021-08-11 08:00:00','90','3'),
('null',1,1,'individual','Yes',3,'2021-03-20 08:00:00','90','2'),
('null',1,1,'individual','Yes',9,'2021-01-31 08:00:00','90','2'),
('null',1,1,'individual','Yes',9,'2020-11-04 08:00:00','90','2'),
('null',1,1,'individual','Yes',9,'2020-03-08 08:00:00','90','3'),
('null',1,1,'individual','Yes',6,'2021-05-04 08:00:00','90','2'),
('null',1,1,'individual','Yes',10,'2022-03-31 08:00:00','90','1'),
('null',1,1,'individual','Yes',2,'2021-04-30 08:00:00','90','3'),
('null',1,1,'individual','Yes',3,'2020-04-21 08:00:00','90','3'),
('null',1,1,'individual','Yes',4,'2021-01-13 08:00:00','90','3'),
('null',1,1,'individual','Yes',5,'2021-09-04 08:00:00','90','2'),
('null',1,1,'individual','Yes',7,'2021-10-05 08:00:00','90','3'),
('null',1,1,'individual','Yes',6,'2022-04-05 08:00:00','90','3'),
('null',1,1,'individual','Yes',10,'2020-08-14 08:00:00','90','3'),
('null',1,1,'individual','Yes',2,'2020-02-15 08:00:00','90','2'),
('null',1,1,'individual','Yes',5,'2020-06-09 08:00:00','90','1'),
('null',1,1,'individual','Yes',9,'2021-02-25 08:00:00','90','2'),
('null',1,1,'individual','Yes',10,'2020-03-28 08:00:00','90','2'),
('null',1,1,'individual','Yes',7,'2021-08-16 08:00:00','90','1'),
('null',1,1,'individual','Yes',10,'2020-02-18 08:00:00','90','2'),
('null',1,1,'individual','Yes',7,'2022-03-03 08:00:00','90','2'),
('null',1,1,'individual','Yes',3,'2021-05-08 08:00:00','90','3'),
('null',1,1,'individual','Yes',6,'2020-07-29 08:00:00','90','3'),
('null',1,1,'individual','Yes',5,'2020-03-08 08:00:00','90','1'),
('null',1,1,'individual','Yes',9,'2020-01-30 08:00:00','90','1'),
('null',1,1,'individual','Yes',7,'2022-11-16 08:00:00','90','3'),
('null',1,1,'individual','Yes',7,'2020-12-07 08:00:00','90','1'),
('null',1,1,'individual','Yes',8,'2020-08-18 08:00:00','90','2'),
('null',1,1,'individual','Yes',8,'2021-07-19 08:00:00','90','1'),
('null',1,1,'individual','Yes',2,'2020-02-06 08:00:00','90','2'),
('null',1,1,'individual','Yes',2,'2022-05-09 08:00:00','90','2'),
('null',1,1,'individual','Yes',5,'2021-04-29 08:00:00','90','3'),
('null',1,1,'individual','Yes',5,'2022-07-06 08:00:00','90','1'),
('null',1,1,'individual','Yes',2,'2022-08-30 08:00:00','90','3'),
('null',1,1,'individual','Yes',3,'2022-08-08 08:00:00','90','3'),
('null',1,1,'individual','Yes',8,'2021-05-09 08:00:00','90','2'),
('null',1,1,'individual','Yes',5,'2022-05-18 08:00:00','90','3'),
('null',1,1,'individual','Yes',2,'2020-08-02 08:00:00','90','2'),
('null',1,1,'individual','Yes',8,'2020-07-21 12:00:00','90','1'),
('null',1,1,'individual','Yes',5,'2022-05-03 12:00:00','90','2'),
('null',1,1,'individual','Yes',9,'2021-07-01 12:00:00','90','2'),
('null',1,1,'individual','Yes',1,'2021-02-15 12:00:00','90','1'),
('null',1,1,'individual','Yes',9,'2022-07-17 12:00:00','90','2'),
('null',1,1,'individual','Yes',8,'2020-03-26 12:00:00','90','2'),
('null',1,1,'individual','Yes',7,'2021-03-18 12:00:00','90','3'),
('null',1,1,'individual','Yes',10,'2020-12-21 12:00:00','90','2'),
('null',1,1,'individual','Yes',1,'2020-07-17 12:00:00','90','2'),
('null',1,1,'individual','Yes',9,'2021-12-26 12:00:00','90','3'),
('null',1,1,'individual','Yes',8,'2020-11-13 12:00:00','90','1'),
('null',1,1,'individual','Yes',7,'2021-01-18 12:00:00','90','1'),
('null',1,1,'individual','Yes',1,'2021-03-29 12:00:00','90','2'),
('null',1,1,'individual','Yes',5,'2020-06-20 12:00:00','90','3'),
('null',1,1,'individual','Yes',7,'2021-06-30 12:00:00','90','1'),
('null',1,1,'individual','Yes',8,'2020-01-23 12:00:00','90','3'),
('null',1,1,'individual','Yes',6,'2022-10-03 12:00:00','90','2'),
('null',1,1,'individual','Yes',2,'2020-04-27 12:00:00','90','3'),
('null',1,1,'individual','Yes',2,'2022-02-10 12:00:00','90','3'),
('null',1,1,'individual','Yes',5,'2021-03-08 12:00:00','90','2'),
('null',1,1,'individual','Yes',4,'2021-01-16 12:00:00','90','1'),
('null',1,1,'individual','Yes',3,'2020-11-05 12:00:00','90','2'),
('null',1,1,'individual','Yes',1,'2021-10-09 12:00:00','90','3'),
('null',1,1,'individual','Yes',7,'2022-08-21 12:00:00','90','1'),
('null',1,1,'individual','Yes',6,'2020-05-01 12:00:00','90','1'),
('null',1,1,'individual','Yes',2,'2021-06-21 12:00:00','90','3'),
('null',1,1,'individual','Yes',7,'2020-02-21 12:00:00','90','1'),
('null',1,1,'individual','Yes',2,'2022-04-19 12:00:00','90','1'),
('null',1,1,'individual','Yes',7,'2020-01-18 12:00:00','90','2'),
('null',1,1,'individual','Yes',2,'2022-04-12 12:00:00','90','1'),
('null',1,1,'individual','Yes',5,'2020-07-30 12:00:00','90','1'),
('null',1,1,'individual','Yes',7,'2022-09-15 12:00:00','90','3'),
('null',1,1,'individual','Yes',10,'2021-03-02 12:00:00','90','3'),
('null',1,1,'individual','Yes',6,'2020-09-02 12:00:00','90','2'),
('null',1,1,'individual','Yes',6,'2022-10-01 12:00:00','90','3'),
('null',1,1,'individual','Yes',6,'2021-02-13 12:00:00','90','3'),
('null',1,1,'individual','Yes',2,'2022-01-09 12:00:00','90','3'),
('null',1,1,'individual','Yes',10,'2022-08-02 12:00:00','90','3'),
('null',1,1,'individual','Yes',2,'2020-02-11 12:00:00','90','3'),
('null',1,1,'individual','Yes',3,'2022-07-12 12:00:00','90','3'),
('null',1,1,'individual','Yes',9,'2021-06-29 12:00:00','90','3'),
('null',1,1,'individual','Yes',2,'2021-12-25 12:00:00','90','1'),
('null',1,1,'individual','Yes',10,'2020-11-28 12:00:00','90','3'),
('null',1,1,'individual','Yes',10,'2022-03-15 12:00:00','90','1'),
('null',1,1,'individual','Yes',7,'2020-11-07 12:00:00','90','1'),
('null',1,1,'individual','Yes',3,'2022-07-13 12:00:00','90','2'),
('null',1,1,'individual','Yes',4,'2021-01-25 12:00:00','90','2'),
('null',1,1,'individual','Yes',5,'2020-12-02 12:00:00','90','2'),
('null',1,1,'individual','Yes',10,'2022-10-08 12:00:00','90','2'),
('null',1,1,'individual','Yes',2,'2020-01-12 12:00:00','90','1'),
('null',1,1,'individual','Yes',2,'2020-10-12 15:00:00','90','3'),
('null',1,1,'individual','Yes',4,'2022-10-31 15:00:00','90','3'),
('null',1,1,'individual','Yes',5,'2022-04-11 15:00:00','90','2'),
('null',1,1,'individual','Yes',9,'2021-08-31 15:00:00','90','1'),
('null',1,1,'individual','Yes',10,'2022-05-09 15:00:00','90','2'),
('null',1,1,'individual','Yes',4,'2022-07-05 15:00:00','90','3'),
('null',1,1,'individual','Yes',5,'2020-12-17 15:00:00','90','3'),
('null',1,1,'individual','Yes',7,'2021-10-08 15:00:00','90','3'),
('null',1,1,'individual','Yes',7,'2021-04-10 15:00:00','90','2'),
('null',1,1,'individual','Yes',6,'2022-10-09 15:00:00','90','1'),
('null',1,1,'individual','Yes',6,'2021-07-15 15:00:00','90','2'),
('null',1,1,'individual','Yes',10,'2022-08-07 15:00:00','90','3'),
('null',1,1,'individual','Yes',8,'2021-12-22 15:00:00','90','2'),
('null',1,1,'individual','Yes',7,'2020-03-06 15:00:00','90','1'),
('null',1,1,'individual','Yes',5,'2020-10-22 15:00:00','90','2'),
('null',1,1,'individual','Yes',2,'2021-12-07 15:00:00','90','2'),
('null',1,1,'individual','Yes',10,'2020-01-23 15:00:00','90','3'),
('null',1,1,'individual','Yes',4,'2020-09-09 15:00:00','90','3'),
('null',1,1,'individual','Yes',4,'2022-09-17 15:00:00','90','2'),
('null',1,1,'individual','Yes',8,'2020-01-05 15:00:00','90','2'),
('null',1,1,'individual','Yes',10,'2022-06-01 15:00:00','90','3'),
('null',1,1,'individual','Yes',7,'2021-04-10 15:00:00','90','2'),
('null',1,1,'individual','Yes',8,'2022-09-04 15:00:00','90','3'),
('null',1,1,'individual','Yes',6,'2020-11-22 15:00:00','90','2'),
('null',1,1,'individual','Yes',9,'2020-06-18 15:00:00','90','2'),
('null',1,1,'individual','Yes',1,'2020-09-27 15:00:00','90','3'),
('null',1,1,'individual','Yes',8,'2020-05-20 15:00:00','90','1'),
('null',1,1,'individual','Yes',4,'2022-08-29 15:00:00','90','3'),
('null',1,1,'individual','Yes',1,'2020-09-22 15:00:00','90','3'),
('null',1,1,'individual','Yes',9,'2020-01-24 15:00:00','90','3'),
('null',1,1,'individual','Yes',8,'2021-07-31 15:00:00','90','3'),
('null',1,1,'individual','Yes',5,'2022-07-13 15:00:00','90','3'),
('null',1,1,'individual','Yes',1,'2020-08-13 15:00:00','90','3'),
('null',1,1,'individual','Yes',1,'2020-03-19 15:00:00','90','2'),
('null',1,1,'individual','Yes',2,'2022-02-05 15:00:00','90','2'),
('null',1,1,'individual','Yes',2,'2020-07-04 15:00:00','90','1'),
('null',1,1,'individual','Yes',10,'2020-03-05 15:00:00','90','3'),
('null',1,1,'individual','Yes',8,'2021-03-06 15:00:00','90','1'),
('null',1,1,'individual','Yes',7,'2022-08-26 15:00:00','90','1'),
('null',1,1,'individual','Yes',8,'2020-06-06 15:00:00','90','2'),
('null',1,1,'individual','Yes',4,'2022-11-28 15:00:00','90','3'),
('null',1,1,'individual','Yes',4,'2022-02-25 15:00:00','90','3'),
('null',1,1,'individual','Yes',3,'2022-02-27 15:00:00','90','2'),
('null',1,1,'individual','Yes',8,'2020-11-19 15:00:00','90','1'),
('null',1,1,'individual','Yes',9,'2020-01-28 15:00:00','90','1'),
('null',1,1,'individual','Yes',4,'2022-08-30 15:00:00','90','2'),
('null',1,1,'individual','Yes',9,'2022-07-27 15:00:00','90','3'),
('null',1,1,'individual','Yes',4,'2021-03-02 15:00:00','90','3'),
('null',1,1,'individual','Yes',6,'2020-10-13 15:00:00','90','1'),
('null',1,1,'individual','Yes',5,'2022-11-25 15:00:00','90','3'),
('null',1,1,'individual','Yes',7,'2022-11-23 15:00:00','90','2'),
('null',1,1,'individual','Yes',5,'2022-11-19 15:00:00','90','2'),
('null',1,1,'individual','Yes',5,'2022-11-28 15:00:00','90','3'),
('null',1,1,'individual','Yes',2,'2022-11-20 15:00:00','90','1'),
('null',1,1,'individual','Yes',9,'2022-11-30 15:00:00','90','3'),
('null',1,1,'individual','Yes',8,'2022-11-13 15:00:00','90','1'),
('null',1,1,'individual','Yes',4,'2022-11-15 15:00:00','90','3'),
('null',1,1,'individual','Yes',1,'2022-11-10 15:00:00','90','3'),
('null',1,1,'individual','Yes',9,'2022-11-04 15:00:00','90','1'),
('null',1,1,'individual','Yes',8,'2022-11-21 15:00:00','90','1'),
('null',1,1,'individual','Yes',8,'2022-11-15 15:00:00','90','3'),
('null',1,1,'individual','Yes',1,'2022-11-19 15:00:00','90','3'),
('null',1,1,'individual','Yes',3,'2022-11-24 15:00:00','90','3'),
('null',1,1,'individual','Yes',2,'2022-11-08 15:00:00','90','3'),
('null',1,1,'individual','Yes',7,'2022-11-25 15:00:00','90','1'),
('null',1,1,'individual','Yes',3,'2022-11-01 15:00:00','90','3'),
('null',1,1,'individual','Yes',4,'2022-11-05 15:00:00','90','3'),
('null',1,1,'individual','Yes',10,'2022-11-29 15:00:00','90','2'),
('null',1,1,'individual','Yes',10,'2022-11-19 15:00:00','90','3'),
('null',1,1,'individual','Yes',2,'2022-11-08 15:00:00','90','2'),
('null','2','10','group','Yes',7,'2023-07-10 09:00:00','60','5'),
('null','2','10','group','Yes',1,'2022-10-22 09:00:00','60','5'),
('null','2','10','group','Yes',4,'2022-09-29 09:00:00','60','5'),
('null','2','10','group','Yes',8,'2022-05-07 09:00:00','60','6'),
('null','2','10','group','Yes',2,'2022-01-31 09:00:00','60','5'),
('null','2','10','group','Yes',9,'2022-07-02 09:00:00','60','6'),
('null','2','10','group','Yes',10,'2023-08-12 09:00:00','60','4'),
('null','2','10','group','Yes',9,'2023-01-25 09:00:00','60','5'),
('null','2','10','group','Yes',5,'2022-12-26 09:00:00','60','5'),
('null','2','10','group','Yes',8,'2022-11-19 09:00:00','60','6'),
('null','2','10','group','Yes',4,'2022-09-21 09:00:00','60','4'),
('null','2','10','group','Yes',10,'2023-04-05 09:00:00','60','4'),
('null','2','10','group','Yes',7,'2023-11-13 09:00:00','60','5'),
('null','2','10','group','Yes',9,'2022-01-07 09:00:00','60','4'),
('null','2','10','group','Yes',7,'2022-01-12 09:00:00','60','4'),
('null','2','10','group','Yes',6,'2023-08-12 09:00:00','60','6'),
('null','2','10','group','Yes',10,'2023-04-26 09:00:00','60','5'),
('null','2','10','group','Yes',1,'2022-01-26 09:00:00','60','5'),
('null','2','10','group','Yes',4,'2022-02-17 09:00:00','60','5'),
('null','2','10','group','Yes',7,'2022-07-06 09:00:00','60','4'),
('null','2','10','group','Yes',5,'2023-01-20 09:00:00','60','5'),
('null','2','10','group','Yes',5,'2022-09-19 09:00:00','60','6'),
('null','2','10','group','Yes',9,'2023-10-29 09:00:00','60','4'),
('null','2','10','group','Yes',2,'2022-02-14 09:00:00','60','5'),
('null','2','10','group','Yes',8,'2022-04-28 09:00:00','60','6'),
('null','2','10','group','Yes',10,'2022-12-12 09:00:00','60','4'),
('null','2','10','group','Yes',2,'2022-04-15 09:00:00','60','4'),
('null','2','10','group','Yes',1,'2022-11-26 09:00:00','60','4'),
('null','2','10','group','Yes',8,'2022-09-09 09:00:00','60','6'),
('null','2','10','group','Yes',4,'2023-11-15 09:00:00','60','6'),
('null','2','10','group','Yes',9,'2022-03-05 09:00:00','60','4'),
('null','2','10','group','Yes',2,'2022-07-20 09:00:00','60','4'),
('null','2','10','group','Yes',6,'2023-04-19 09:00:00','60','6'),
('null','2','10','group','Yes',7,'2023-02-02 09:00:00','60','4'),
('null','2','10','group','Yes',4,'2022-07-12 09:00:00','60','5'),
('null','2','10','group','Yes',10,'2022-03-31 09:00:00','60','4'),
('null','2','10','group','Yes',9,'2023-10-27 09:00:00','60','5'),
('null','2','10','group','Yes',9,'2023-01-16 09:00:00','60','6'),
('null','2','10','group','Yes',9,'2023-03-04 09:00:00','60','5'),
('null','2','10','group','Yes',9,'2023-09-22 09:00:00','60','5'),
('null','2','10','group','Yes',4,'2023-07-03 09:00:00','60','4'),
('null','2','10','group','Yes',1,'2023-05-29 09:00:00','60','4'),
('null','2','10','group','Yes',9,'2022-04-12 09:00:00','60','6'),
('null','2','10','group','Yes',1,'2023-04-16 09:00:00','60','4'),
('null','2','10','group','Yes',3,'2022-11-18 09:00:00','60','5'),
('null','2','10','group','Yes',4,'2023-05-21 09:00:00','60','4'),
('null','2','10','group','Yes',5,'2023-06-03 09:00:00','60','5'),
('null','2','10','group','Yes',6,'2023-01-07 09:00:00','60','6'),
('null','2','10','group','Yes',7,'2022-02-04 09:00:00','60','5'),
('null','2','10','group','Yes',8,'2022-11-16 09:00:00','60','5'),
('null','2','10','group','Yes',2,'2022-06-18 13:00:00','60','5'),
('null','2','10','group','Yes',2,'2023-06-30 13:00:00','60','6'),
('null','2','10','group','Yes',2,'2023-06-02 13:00:00','60','6'),
('null','2','10','group','Yes',1,'2022-03-21 13:00:00','60','5'),
('null','2','10','group','Yes',8,'2022-07-13 13:00:00','60','5'),
('null','2','10','group','Yes',3,'2022-10-25 13:00:00','60','5'),
('null','2','10','group','Yes',6,'2022-07-24 13:00:00','60','5'),
('null','2','10','group','Yes',7,'2022-02-27 13:00:00','60','6'),
('null','2','10','group','Yes',4,'2023-05-21 13:00:00','60','5'),
('null','2','10','group','Yes',7,'2022-01-18 13:00:00','60','5'),
('null','2','10','group','Yes',6,'2023-01-11 13:00:00','60','4'),
('null','2','10','group','Yes',2,'2023-09-07 13:00:00','60','6'),
('null','2','10','group','Yes',1,'2022-11-17 13:00:00','60','5'),
('null','2','10','group','Yes',4,'2023-03-07 13:00:00','60','4'),
('null','2','10','group','Yes',7,'2022-07-14 13:00:00','60','4'),
('null','2','10','group','Yes',7,'2023-05-08 13:00:00','60','6'),
('null','2','10','group','Yes',8,'2022-09-30 13:00:00','60','6'),
('null','2','10','group','Yes',10,'2023-07-19 13:00:00','60','6'),
('null','2','10','group','Yes',4,'2022-08-01 13:00:00','60','5'),
('null','2','10','group','Yes',6,'2022-02-13 13:00:00','60','6'),
('null','2','10','group','Yes',5,'2022-07-02 13:00:00','60','4'),
('null','2','10','group','Yes',9,'2023-03-09 13:00:00','60','5'),
('null','2','10','group','Yes',2,'2022-05-25 13:00:00','60','4'),
('null','2','10','group','Yes',10,'2023-10-18 13:00:00','60','6'),
('null','2','10','group','Yes',9,'2023-07-04 13:00:00','60','6'),
('null','2','10','group','Yes',2,'2022-08-09 13:00:00','60','4'),
('null','2','10','group','Yes',9,'2023-01-24 13:00:00','60','6'),
('null','2','10','group','Yes',6,'2022-12-28 13:00:00','60','6'),
('null','2','10','group','Yes',9,'2023-07-31 13:00:00','60','5'),
('null','2','10','group','Yes',10,'2022-09-24 13:00:00','60','4'),
('null','2','10','group','Yes',10,'2023-09-24 13:00:00','60','5'),
('null','2','10','group','Yes',4,'2021-12-09 13:00:00','60','6'),
('null','2','10','group','Yes',4,'2022-11-13 13:00:00','60','4'),
('null','2','10','group','Yes',2,'2022-08-23 13:00:00','60','5'),
('null','2','10','group','Yes',7,'2022-06-24 13:00:00','60','4'),
('null','2','10','group','Yes',3,'2021-12-20 13:00:00','60','6'),
('null','2','10','group','Yes',4,'2023-09-25 13:00:00','60','6'),
('null','2','10','group','Yes',6,'2022-03-18 13:00:00','60','5'),
('null','2','10','group','Yes',10,'2023-05-10 13:00:00','60','5'),
('null','2','10','group','Yes',4,'2023-06-07 13:00:00','60','5'),
('null','2','10','group','Yes',8,'2022-06-19 13:00:00','60','4'),
('null','2','10','group','Yes',6,'2022-03-23 13:00:00','60','5'),
('null','2','10','group','Yes',5,'2023-05-10 13:00:00','60','6'),
('null','2','10','group','Yes',4,'2023-02-14 13:00:00','60','5'),
('null','2','10','group','Yes',9,'2022-09-04 13:00:00','60','4'),
('null','2','10','group','Yes',3,'2022-10-07 13:00:00','60','6'),
('null','2','10','group','Yes',3,'2023-11-15 13:00:00','60','6'),
('null','2','10','group','Yes',3,'2023-08-18 13:00:00','60','5'),
('null','2','10','group','Yes',5,'2022-05-17 13:00:00','60','5'),
('null','2','10','group','Yes',2,'2023-03-23 13:00:00','60','4'),
('pop','4','4','ensemble','No',8,'2022-12-12 08:00:00','90','7'),
('jazz','4','5','ensemble','No',2,'2022-12-13 08:00:00','90','7'),
('classical','5','10','ensemble','Yes',7,'2022-12-14 08:00:00','90','7');


--BOOKING
INSERT INTO booking (lesson_id, student_person_id, instructor_person_id)
VALUES
  (1,'4','29'),
  (2,'3','29'),
  (3,'2','29'),
  (4,'6','29'),
  (5,'5','29'),
  (6,'2','29'),
  (7,'2','29'),
  (8,'5','29'),
  (9,'7','29'),
  (10,'1','29'),
  (11,'1','29'),
  (12,'4','29'),
  (13,'7','29'),
  (14,'8','29'),
  (15,'2','29'),
  (16,'2','29'),
  (17,'5','29'),
  (18,'8','29'),
  (19,'7','29'),
  (20,'3','29'),
  (21,'7','29'),
  (22,'3','29'),
  (23,'7','29'),
  (24,'7','29'),
  (25,'1','29'),
  (26,'8','29'),
  (27,'5','29'),
  (28,'4','29'),
  (29,'7','29'),
  (30,'2','29'),
  (31,'1','29'),
  (32,'8','29'),
  (33,'4','29'),
  (34,'6','29'),
  (35,'4','29'),
  (36,'8','29'),
  (37,'7','29'),
  (38,'4','29'),
  (39,'2','29'),
  (40,'6','29'),
  (41,'7','29'),
  (42,'5','29'),
  (43,'6','29'),
  (44,'1','29'),
  (45,'3','29'),
  (46,'7','29'),
  (47,'5','29'),
  (48,'5','29'),
  (49,'6','29'),
  (50,'7','29'),
  (51,'5','29'),
  (52,'7','29'),
  (53,'8','29'),
  (54,'3','29'),
  (55,'4','29'),
  (56,'8','29'),
  (57,'1','29'),
  (58,'3','29'),
  (59,'2','29'),
  (60,'3','29'),
  (61,'8','29'),
  (62,'3','29'),
  (63,'2','29'),
  (64,'1','29'),
  (65,'5','29'),
  (66,'2','29'),
  (67,'2','29'),
  (68,'3','29'),
  (69,'4','29'),
  (70,'1','29'),
  (71,'2','29'),
  (72,'7','29'),
  (73,'1','29'),
  (74,'6','29'),
  (75,'2','29'),
  (1,'12','29'),
  (2,'16','29'),
  (3,'14','29'),
  (4,'11','29'),
  (5,'12','29'),
  (6,'13','29'),
  (7,'12','29'),
  (8,'16','29'),
  (9,'16','29'),
  (10,'14','29'),
  (11,'11','29'),
  (12,'9','29'),
  (13,'13','29'),
  (14,'14','29'),
  (15,'12','29'),
  (16,'11','29'),
  (17,'12','29'),
  (18,'13','29'),
  (19,'9','29'),
  (20,'9','29'),
  (21,'12','29'),
  (22,'9','29'),
  (23,'11','29'),
  (24,'14','29'),
  (25,'16','29'),
  (26,'14','29'),
  (27,'10','29'),
  (28,'16','29'),
  (29,'13','29'),
  (30,'15','29'),
  (31,'13','29'),
  (32,'14','29'),
  (33,'12','29'),
  (34,'11','29'),
  (35,'12','29'),
  (36,'9','29'),
  (37,'11','29'),
  (38,'10','29'),
  (39,'11','29'),
  (40,'10','29'),
  (41,'16','29'),
  (42,'11','29'),
  (43,'10','29'),
  (44,'10','29'),
  (45,'10','29'),
  (46,'9','29'),
  (47,'11','29'),
  (48,'9','29'),
  (49,'12','29'),
  (50,'14','29'),
  (51,'9','29'),
  (52,'15','29'),
  (53,'10','29'),
  (54,'13','29'),
  (55,'14','29'),
  (56,'12','29'),
  (57,'11','29'),
  (58,'16','29'),
  (59,'15','29'),
  (60,'15','29'),
  (61,'11','29'),
  (62,'13','29'),
  (63,'13','29'),
  (64,'13','29'),
  (65,'12','29'),
  (66,'11','29'),
  (67,'14','29'),
  (68,'16','29'),
  (69,'12','29'),
  (70,'13','29'),
  (71,'16','29'),
  (72,'13','29'),
  (73,'12','29'),
  (74,'16','29'),
  (75,'15','29'),
  (1,'26','29'),
  (2,'23','29'),
  (3,'25','29'),
  (4,'20','29'),
  (5,'20','29'),
  (6,'24','29'),
  (7,'22','29'),
  (8,'24','29'),
  (9,'20','29'),
  (10,'22','29'),
  (11,'18','29'),
  (12,'22','29'),
  (13,'17','29'),
  (14,'24','29'),
  (15,'20','29'),
  (16,'21','29'),
  (17,'23','29'),
  (18,'23','29'),
  (19,'18','29'),
  (20,'19','29'),
  (21,'25','29'),
  (22,'21','29'),
  (23,'18','29'),
  (24,'26','29'),
  (25,'22','29'),
  (26,'26','29'),
  (27,'26','29'),
  (28,'21','29'),
  (29,'20','29'),
  (30,'18','29'),
  (31,'25','29'),
  (32,'26','29'),
  (33,'23','29'),
  (34,'22','29'),
  (35,'21','29'),
  (36,'22','29'),
  (37,'22','29'),
  (38,'25','29'),
  (39,'26','29'),
  (40,'22','29'),
  (41,'20','29'),
  (42,'18','29'),
  (43,'24','29'),
  (44,'18','29'),
  (45,'21','29'),
  (46,'22','29'),
  (47,'19','29'),
  (48,'23','29'),
  (49,'26','29'),
  (50,'18','29'),
  (51,'18','29'),
  (52,'17','29'),
  (53,'24','29'),
  (54,'26','29'),
  (55,'20','29'),
  (56,'18','29'),
  (57,'18','29'),
  (58,'23','29'),
  (59,'23','29'),
  (60,'18','29'),
  (61,'22','29'),
  (62,'18','29'),
  (63,'18','29'),
  (64,'26','29'),
  (65,'18','29'),
  (66,'25','29'),
  (67,'18','29'),
  (68,'25','29'),
  (69,'20','29'),
  (70,'24','29'),
  (71,'18','29'),
  (72,'17','29'),
  (73,'26','29'),
  (74,'20','29'),
  (75,'22','29'),
(75,'24','32'),
  (76,'25','32'),
  (77,'23','32'),
  (78,'24','32'),
  (79,'22','32'),
  (80,'18','32'),
  (81,'18','32'),
  (82,'21','32'),
  (83,'24','32'),
  (84,'19','32'),
  (85,'17','32'),
  (86,'22','32'),
  (87,'26','32'),
  (88,'17','32'),
  (89,'24','32'),
  (90,'24','32'),
  (91,'21','32'),
  (92,'22','32'),
  (93,'17','32'),
  (94,'22','32'),
  (95,'22','32'),
  (96,'18','32'),
  (97,'21','32'),
  (98,'25','32'),
  (99,'19','32'),
  (100,'17','32'),
  (101,'26','32'),
  (102,'24','32'),
  (103,'21','32'),
  (104,'25','32'),
  (105,'19','32'),
  (106,'26','32'),
  (107,'24','32'),
  (108,'25','32'),
  (109,'19','32'),
  (110,'19','32'),
  (111,'20','32'),
  (112,'23','32'),
  (113,'26','32'),
  (114,'26','32'),
  (115,'22','32'),
  (116,'18','32'),
  (117,'20','32'),
  (118,'22','32'),
  (119,'22','32'),
  (120,'18','32'),
  (121,'18','32'),
  (122,'20','32'),
  (123,'26','32'),
  (124,'26','32'),
  (125,'17','32'),
  (126,'25','32'),
  (127,'25','32'),
  (128,'21','32'),
  (129,'17','32'),
  (130,'25','32'),
  (131,'17','32'),
  (132,'17','32'),
  (133,'22','32'),
  (134,'24','32'),
  (135,'26','32'),
  (136,'24','32'),
  (137,'17','32'),
  (138,'18','32'),
  (139,'25','32'),
  (140,'20','32'),
  (141,'24','32'),
  (142,'26','32'),
  (143,'21','32'),
  (144,'18','32'),
  (145,'18','32'),
  (146,'18','32'),
  (147,'22','32'),
  (148,'25','32'),
  (149,'23','32'),
  (75,'12','32'),
  (76,'15','32'),
  (77,'13','32'),
  (78,'12','32'),
  (79,'16','32'),
  (80,'14','32'),
  (81,'13','32'),
  (82,'12','32'),
  (83,'11','32'),
  (84,'15','32'),
  (85,'11','32'),
  (86,'12','32'),
  (87,'15','32'),
  (88,'14','32'),
  (89,'14','32'),
  (90,'14','32'),
  (91,'15','32'),
  (92,'12','32'),
  (93,'9','32'),
  (94,'13','32'),
  (95,'9','32'),
  (96,'12','32'),
  (97,'14','32'),
  (98,'15','32'),
  (99,'14','32'),
  (100,'13','32'),
  (101,'9','32'),
  (102,'11','32'),
  (103,'10','32'),
  (104,'10','32'),
  (105,'13','32'),
  (106,'10','32'),
  (107,'11','32'),
  (108,'13','32'),
  (109,'15','32'),
  (110,'15','32'),
  (111,'14','32'),
  (112,'10','32'),
  (113,'14','32'),
  (114,'16','32'),
  (115,'9','32'),
  (116,'13','32'),
  (117,'12','32'),
  (118,'9','32'),
  (119,'12','32'),
  (120,'14','32'),
  (121,'13','32'),
  (122,'10','32'),
  (123,'10','32'),
  (124,'16','32'),
  (125,'16','32'),
  (126,'9','32'),
  (127,'13','32'),
  (128,'12','32'),
  (129,'9','32'),
  (130,'13','32'),
  (131,'12','32'),
  (132,'14','32'),
  (133,'11','32'),
  (134,'9','32'),
  (135,'12','32'),
  (136,'14','32'),
  (137,'10','32'),
  (138,'16','32'),
  (139,'16','32'),
  (140,'15','32'),
  (141,'9','32'),
  (142,'12','32'),
  (143,'10','32'),
  (144,'16','32'),
  (145,'16','32'),
  (146,'13','32'),
  (147,'9','32'),
  (148,'11','32'),
  (149,'12','32'),
  (75,'4','32'),
  (76,'5','32'),
  (77,'6','32'),
  (78,'5','32'),
  (79,'8','32'),
  (80,'5','32'),
  (81,'3','32'),
  (82,'3','32'),
  (83,'6','32'),
  (84,'3','32'),
  (85,'5','32'),
  (86,'1','32'),
  (87,'2','32'),
  (88,'7','32'),
  (89,'5','32'),
  (90,'2','32'),
  (91,'7','32'),
  (92,'5','32'),
  (93,'5','32'),
  (94,'6','32'),
  (95,'5','32'),
  (96,'3','32'),
  (97,'3','32'),
  (98,'1','32'),
  (99,'2','32'),
  (100,'1','32'),
  (101,'6','32'),
  (102,'7','32'),
  (103,'1','32'),
  (104,'4','32'),
  (105,'2','32'),
  (106,'6','32'),
  (107,'2','32'),
  (108,'3','32'),
  (109,'4','32'),
  (110,'2','32'),
  (111,'7','32'),
  (112,'6','32'),
  (113,'1','32'),
  (114,'5','32'),
  (115,'8','32'),
  (116,'4','32'),
  (117,'4','32'),
  (118,'4','32'),
  (119,'5','32'),
  (120,'4','32'),
  (121,'5','32'),
  (122,'6','32'),
  (123,'2','32'),
  (124,'1','32'),
  (125,'5','32'),
  (126,'6','32'),
  (127,'6','32'),
  (128,'7','32'),
  (129,'6','32'),
  (130,'6','32'),
  (131,'1','32'),
  (132,'3','32'),
  (133,'7','32'),
  (134,'5','32'),
  (135,'4','32'),
  (136,'1','32'),
  (137,'3','32'),
  (138,'6','32'),
  (139,'4','32'),
  (140,'1','32'),
  (141,'8','32'),
  (142,'5','32'),
  (143,'5','32'),
  (144,'7','32'),
  (145,'2','32'),
  (146,'1','32'),
  (147,'7','32'),
  (148,'6','32'),
  (149,'6','32'),
  (151,'20','32'),
  (152,'6','27'),
  (153,'18','30'),
  (154,'16','31'),
  (155,'1','30'),
  (156,'20','28'),
  (157,'14','29'),
  (158,'4','28'),
  (159,'11','29'),
  (160,'18','27'),
  (161,'23','27'),
  (162,'23','29'),
  (163,'3','29'),
  (164,'22','32'),
  (165,'25','32'),
  (166,'9','29'),
  (167,'23','31'),
  (168,'20','27'),
  (169,'25','27'),
  (170,'9','32'),
  (171,'5','28'),
  (172,'2','32'),
  (173,'7','27'),
  (174,'19','32'),
  (175,'17','32'),
  (176,'21','27'),
  (177,'23','27'),
  (178,'25','29'),
  (179,'5','27'),
  (180,'11','31'),
  (181,'12','30'),
  (182,'9','30'),
  (183,'17','29'),
  (184,'25','29'),
  (185,'20','30'),
  (186,'4','30'),
  (187,'26','29'),
  (188,'20','27'),
  (189,'10','28'),
  (190,'24','30'),
  (191,'14','32'),
  (192,'24','32'),
  (193,'7','30'),
  (194,'22','32'),
  (195,'12','27'),
  (196,'1','27'),
  (197,'11','32'),
  (198,'26','27'),
  (199,'2','32'),
  (200,'7','31'),
  (201,'24','28'),
  (202,'3','28'),
  (203,'10','27'),
  (204,'2','27'),
  (205,'26','30'),
  (206,'19','30'),
  (207,'9','32'),
  (208,'17','31'),
  (209,'8','32'),
  (210,'19','27'),
  (211,'14','32'),
  (212,'16','32'),
  (213,'16','27'),
  (214,'21','30'),
  (215,'25','27'),
  (216,'6','30'),
  (217,'14','28'),
  (218,'20','27'),
  (219,'22','27'),
  (220,'5','31'),
  (221,'7','29'),
  (222,'16','32'),
  (223,'23','28'),
  (224,'5','29'),
  (225,'19','32'),
  (226,'1','29'),
  (227,'17','28'),
  (228,'13','28'),
  (229,'23','32'),
  (230,'17','32'),
  (231,'10','29'),
  (232,'14','32'),
  (233,'9','30'),
  (234,'23','28'),
  (235,'15','28'),
  (236,'14','27'),
  (237,'19','31'),
  (238,'10','28'),
  (239,'5','29'),
  (240,'9','27'),
  (241,'15','27'),
  (242,'15','32'),
  (243,'23','30'),
  (244,'8','32'),
  (245,'11','32'),
  (246,'9','30'),
  (247,'11','28'),
  (248,'11','30'),
  (249,'24','28'),
  (250,'20','32'),
  (251,'24','31'),
  (252,'6','32'),
  (253,'25','29'),
  (254,'15','30'),
  (255,'15','31'),
  (256,'10','29'),
  (257,'19','29'),
  (258,'21','27'),
  (259,'16','27'),
  (260,'9','27'),
  (261,'9','29'),
  (262,'9','30'),
  (263,'5','31'),
  (264,'12','30'),
  (265,'18','31'),
  (266,'16','32'),
  (267,'25','29'),
  (268,'13','30'),
  (269,'6','28'),
  (270,'19','28'),
  (271,'15','29'),
  (272,'24','32'),
  (273,'21','27'),
  (274,'12','27'),
  (275,'24','30'),
  (276,'10','31'),
  (277,'6','27'),
  (278,'10','32'),
  (279,'24','29'),
  (280,'2','29'),
  (281,'20','27'),
  (282,'20','32'),
  (283,'11','32'),
  (284,'3','27'),
  (285,'14','31'),
  (286,'11','31'),
  (287,'6','32'),
  (288,'15','27'),
  (289,'3','27'),
  (290,'24','29'),
  (291,'26','27'),
  (292,'19','28'),
  (293,'10','29'),
  (294,'23','29'),
  (295,'12','29'),
  (296,'7','30'),
  (297,'24','28'),
  (298,'8','31'),
  (299,'1','27'),
  (300,'5','28'),
  (301,'6','29'),
  (302,'24','29'),
  (303,'15','32'),
  (304,'22','31'),
  (305,'24','30'),
  (306,'3','30'),
  (307,'9','30'),
  (308,'9','30'),
  (309,'9','32'),
  (310,'9','28'),
  (311,'5','32'),
  (312,'9','32'),
  (313,'12','29'),
  (314,'10','28'),
  (315,'23','28'),
  (316,'1','28'),
  (317,'23','27'),
  (318,'19','31'),
  (319,'1','29'),
  (320,'2','31'),
    (321,'18','28'),
  (322,'14','30'),
  (323,'8','30'),
  (324,'2','27'),
  (325,'20','32'),
  (326,'12','30'),
  (327,'13','29'),
  (328,'13','30'),
  (329,'2','28'),
  (330,'8','27'),
  (331,'20','30'),
  (332,'21','30'),
  (333,'21','30'),
  (334,'10','27'),
  (335,'11','30'),
  (336,'25','30'),
  (337,'3','30'),
  (338,'26','28'),
  (339,'4','30'),
  (340,'2','28'),
  (341,'18','32'),
  (342,'10','27'),
  (343,'19','28'),
  (344,'19','31'),
  (345,'20','32'),
  (346,'2','32'),
  (347,'13','30'),
  (348,'18','30'),
  (349,'18','28'),
  (350,'24','31'),
  (351,'17','27'),
  (352,'4','28'),
  (353,'3','32'),
  (354,'16','30'),
  (355,'21','31'),
  (356,'23','30'),
  (357,'23','28'),
  (358,'20','28'),
  (359,'19','28'),
  (360,'21','30'),
  (361,'21','31'),
  (362,'14','31'),
  (363,'12','32'),
  (364,'7','32'),
  (365,'8','29'),
  (366,'10','28'),
  (367,'21','32'),
  (368,'10','31'),
  (369,'1','29'),
  (370,'15','32'),
  (371,'22','32'),
  (372,'13','28'),
  (373,'26','30'),
  (374,'16','30'),
  (375,'19','30'),
  (376,'12','30'),
  (377,'14','27'),
  (378,'6','32'),
  (379,'5','32'),
  (380,'15','28'),
  (381,'26','32'),
  (382,'7','28'),
  (383,'6','30'),
  (384,'13','27'),
  (385,'5','32'),
  (386,'20','27'),
  (387,'15','27'),
  (388,'15','28'),
  (389,'18','31'),
  (390,'10','29'),
  (391,'10','30'),
  (392,'8','27'),
  (393,'25','27'),
  (394,'23','28'),
  (395,'4','30'),
  (396,'24','27'),
  (397,'20','30'),
  (398,'10','30'),
  (399,'21','32'),
  (400,'21','32'),
  (401,'19','28'),
  (402,'12','30'),
  (403,'17','30'),
  (404,'10','27'),
  (405,'22','30'),
  (406,'11','28'),
  (407,'12','32'),
  (408,'10','28'),
  (409,'5','30'),
  (410,'9','31'),
  (411,'16','30'),
  (412,'19','27'),
  (413,'23','27'),
  (414,'15','28'),
  (415,'10','31'),
  (416,'15','31'),
  (417,'25','32'),
  (418,'3','31'),
  (419,'23','27'),
  (420,'7','31'),
  (421,'4','29'),
  (421,'3','29'),
  (421,'2','29'),
  (421,'5','29'),
  (422,'14','32'),
  (422,'17','32'),
  (422,'18','32'),
  (423,'10','29'),
  (423,'12','29');

